dataName;bestObjDeter;objDeter;processTimeDeter;bestObjStocha;objStocha;processTimeStocha;
d6;564.567395398;564.567395398;26;564.567395398;564.567395398;16
d6_MTZ;564.567395398;564.567395398;91;564.567395398;564.567395398;35
d10_MTZ;541.330299587;541.330299587;63;541.330299587;541.330299587;47
