dataName;bestObjDeter;objDeter;processTimeDeter;bestObjStocha;objStocha;processTimeStocha;
d6;564.567395398;564.567395398;27;564.567395398;564.567395398;16
d6_MTZ;564.567395398;564.567395398;41;564.567395398;564.567395398;30
d10_MTZ;541.330299587;541.330299587;76;541.330299587;541.330299587;44
